{"R": 125.03516415710449, "G": 115.97055417404175, "B": 106.10112004241944}